Id,XGB_SalePrice,LGBM_SalePrice
1461,128559.12,122281.20045688025
1462,157214.62,154597.3504869851
1463,184169.67,187479.9654484107
1464,187224.89,190163.9806758499
1465,204393.3,201859.62906147685
1466,182562.78,186910.73201823942
1467,178757.81,183524.79108100617
1468,169190.78,173476.4547425035
1469,180305.17,180034.94819928994
1470,116570.83,119723.59402082437
1471,192846.83,194600.01523874153
1472,94403.17,88505.25415599206
1473,99068.23,97246.69151527493
1474,149768.52,151080.98250232585
1475,126838.68,122352.77869825679
1476,386551.3,389829.91412181256
1477,250041.67,258170.7651207627
1478,294279.16,280296.963633065
1479,272870.47,259487.8669116364
1480,432340.2,501934.8280162666
1481,300480.06,294174.00193263905
1482,197735.11,195067.61535031578
1483,168247.66,168804.60039921568
1484,170025.08,162896.3175423557
1485,179580.05,169160.53438376417
1486,199081.61,193643.30591077197
1487,361098.62,316913.88545289414
1488,231058.03,216452.96794825935
1489,214400.4,207129.98804121237
1490,223111.97,238111.60325666875
1491,189299.81,189086.34112057206
1492,91185.49,90851.09394933727
1493,179725.1,194297.4563584294
1494,293061.8,272131.8196789531
1495,283759.88,269662.3997050912
1496,232049.58,229734.96191359425
1497,181409.47,176507.4989061012
1498,158664.42,157772.01784795037
1499,157851.27,153258.6189832654
1500,162822.62,154067.22476165384
1501,170194.84,171443.55653562018
1502,154536.84,154405.40359965962
1503,297795.72,321742.0328320554
1504,240258.52,228226.43021344574
1505,225771.36,213686.94625524958
1506,186553.97,176079.11159206147
1507,254761.4,236640.50335313505
1508,196674.5,199685.9986093718
1509,167923.88,167739.2633205299
1510,150002.67,162454.48512238255
1511,144962.2,149327.59328497798
1512,168167.25,170037.04652514664
1513,146367.69,154057.03908782094
1514,170241.64,169939.67944979697
1515,195535.1,197156.42351165664
1516,155101.2,147729.0600792564
1517,160056.53,166997.4250516675
1518,124243.375,129886.49529170974
1519,229051.52,219665.58751264436
1520,137529.0,139501.5286616738
1521,139028.95,140339.9307865993
1522,177544.53,170359.6206767033
1523,109600.75,114152.61695462019
1524,119026.734,124021.56181104587
1525,125645.48,128290.94169658251
1526,117581.37,121897.57286849926
1527,110642.7,102801.44674453569
1528,133454.83,135851.70971633133
1529,153687.36,155485.2216606755
1530,174166.47,177385.3596772029
1531,129563.02,116346.08178995216
1532,99405.77,101754.01678346015
1533,147457.23,139114.4668684075
1534,113549.98,124941.93036580425
1535,155504.92,154296.2158201202
1536,119414.78,113145.01012833907
1537,88145.96,74098.29849941218
1538,164390.94,170494.89785432958
1539,208228.39,228669.6485407392
1540,101906.86,92689.43098738305
1541,134569.77,144261.49418626298
1542,141823.58,146499.59537584573
1543,193598.61,199869.82195057216
1544,86078.08,78797.22066985848
1545,110373.38,113326.51723389326
1546,133238.06,133952.65670170164
1547,132683.31,137172.2884779058
1548,133542.19,134854.84688193197
1549,117570.234,119092.87854897058
1550,146955.6,145235.63787774934
1551,108943.27,104274.85478672868
1552,147356.83,146522.62183976002
1553,150006.27,161660.5729134458
1554,114892.266,109501.97035286509
1555,174908.69,166153.16664671677
1556,85526.164,83188.58856189346
1557,101222.336,104303.10534525641
1558,99451.7,99628.28777900405
1559,104572.04,101791.32640048618
1560,139801.06,141884.0642986339
1561,155819.17,111778.84667160019
1562,124992.195,124449.36374138798
1563,123534.21,123546.99552000302
1564,162521.02,162672.56017949936
1565,153096.83,146538.1280485561
1566,226206.58,244676.86368187776
1567,80869.21,75778.30477342247
1568,234312.9,233245.2864870103
1569,142417.8,146376.8242036119
1570,139133.28,137036.53866696314
1571,123498.836,119622.79866987055
1572,144527.25,153458.39610868756
1573,246137.34,266706.9730843774
1574,113008.41,108862.32367609552
1575,219047.47,195149.3375444546
1576,243548.94,214195.40731007393
1577,197298.19,203205.24108308577
1578,157361.52,147971.72900318107
1579,142146.16,137690.65903189738
1580,190847.98,194027.10912663382
1581,143158.03,147596.50373399936
1582,132849.08,129580.51255420367
1583,313336.44,308985.0726057056
1584,247097.6,237562.990371995
1585,144381.78,144092.38212678005
1586,84400.38,83584.44007198163
1587,99763.945,106889.05812226048
1588,153968.83,158273.39282824766
1589,102375.24,103651.93299617748
1590,134721.83,141197.28003844697
1591,91199.12,99071.36458458597
1592,122049.17,98086.4135697476
1593,135531.11,133221.20851955973
1594,144252.52,149078.93439430304
1595,125374.2,116572.61216716206
1596,232427.23,225178.51810000496
1597,173719.52,170114.56074060747
1598,196286.86,192030.58273217618
1599,185093.73,197491.62682346752
1600,176297.47,186653.05454675393
1601,76547.05,74097.53362147388
1602,121144.71,125152.04772175012
1603,107479.7,104011.75093592076
1604,293590.47,295206.0335935391
1605,257525.39,226252.73444914917
1606,170826.5,171461.4926593543
1607,164445.88,182787.2131990952
1608,210253.4,207787.24562412634
1609,187501.25,193580.40195692616
1610,167742.86,167465.33652634104
1611,140627.89,119538.73472923863
1612,166282.95,167566.8571553012
1613,164409.44,165077.09611193743
1614,119498.09,116242.4075751626
1615,83655.195,82977.81748172163
1616,69673.67,72676.27491044479
1617,90468.05,88965.31793630976
1618,127364.82,128351.72625297228
1619,138751.89,145448.59418455503
1620,154377.6,185079.33956713567
1621,145429.92,148052.05445119823
1622,140110.42,149213.55714065005
1623,278941.88,316706.06839059317
1624,224754.19,209690.4172629354
1625,122875.15,120628.70552598784
1626,166364.7,155802.14193548713
1627,192569.86,190420.13945478806
1628,286277.4,264097.8245433739
1629,181781.89,178018.37292369816
1630,343809.53,343043.45646770485
1631,219396.5,203937.12978927547
1632,226688.86,232138.81771109535
1633,172789.56,162828.80921033354
1634,181260.39,183174.7648979372
1635,184077.62,184668.2273158569
1636,164417.11,157306.7677003988
1637,192196.45,195474.79309207993
1638,199752.0,191650.10094268012
1639,182211.25,183443.78043197922
1640,252839.16,229361.1038780926
1641,188392.17,182499.7099115242
1642,226043.25,223745.91082592824
1643,216318.33,203854.59936433987
1644,230143.34,227190.14442549675
1645,204838.16,202022.92444751575
1646,164830.86,164767.73476119144
1647,159549.38,153015.4981686244
1648,135692.58,137947.64956181974
1649,141265.27,143076.5628879082
1650,118202.5,116667.24126662406
1651,118182.49,118258.80979738377
1652,93658.81,85481.00573666509
1653,100822.72,97534.86471908285
1654,151811.89,158091.4497189301
1655,149829.81,151345.14936280836
1656,149310.64,146579.4804485319
1657,155662.8,160040.55306490534
1658,152482.27,147422.86386493107
1659,135671.78,130965.71167249724
1660,159650.94,161182.78764187358
1661,468105.0,467082.2696501104
1662,354488.3,418909.3262370578
1663,361172.8,354502.20749417803
1664,414749.4,441568.46034659573
1665,304021.47,336871.53654517327
1666,317864.5,322981.46091774385
1667,343990.25,383926.913524204
1668,347171.47,351803.4166029488
1669,296061.97,292174.7528903602
1670,345423.16,343320.90916017856
1671,246804.9,256234.98862808518
1672,464134.0,450977.71881143353
1673,297466.72,320056.9690874526
1674,229802.47,215763.5664899622
1675,186888.98,183234.60321056217
1676,190797.72,183810.61857888795
1677,206343.7,212608.93893728225
1678,381423.03,409423.80801139656
1679,389657.38,395045.4708517128
1680,336471.47,328084.01212321856
1681,242913.14,284015.41595654114
1682,292512.3,309451.4669357393
1683,174323.11,170479.70221130303
1684,167276.45,172080.35349758607
1685,171539.8,175948.91391642706
1686,166030.58,165344.0144362249
1687,170088.56,166995.5882192346
1688,184987.42,182297.7187631474
1689,191821.11,195404.71747786494
1690,183856.27,191760.74488681892
1691,178746.34,176111.82820690513
1692,277240.6,241874.61471114977
1693,174548.39,165967.56547932766
1694,182624.94,184705.10545192147
1695,168408.75,164834.02110830476
1696,283058.8,238818.81706833234
1697,170432.47,167731.37286916847
1698,367167.7,380928.520566422
1699,304600.4,341232.1548342839
1700,243944.61,253109.59867953946
1701,266703.56,265190.7543230464
1702,245863.3,263321.38904917135
1703,254586.69,250974.21479299446
1704,295074.84,312942.1770331639
1705,229196.73,228901.46230659075
1706,377644.53,416402.8902920066
1707,230211.98,231024.43367253948
1708,229326.23,213708.87278224409
1709,261031.94,281031.25225283235
1710,218615.61,218245.0175757814
1711,267299.53,251649.17191442908
1712,242707.97,259937.02004523162
1713,270296.44,253953.7785753987
1714,216120.88,210596.57660259327
1715,206213.25,203115.21438144118
1716,188986.78,191051.58641687655
1717,168289.14,165289.1475361632
1718,125461.8,138492.51605818525
1719,205003.92,199801.7882270804
1720,253312.12,245050.95732511656
1721,166562.2,159907.05889550777
1722,115156.73,128883.72413822894
1723,152714.14,153660.12912843615
1724,219649.27,217910.2237968015
1725,237610.95,225571.0997874672
1726,190078.62,197328.64787613502
1727,174093.31,169982.92110783662
1728,170455.78,190241.37288906163
1729,168153.33,164893.9445070184
1730,163970.55,168697.3424700368
1731,127213.52,126927.63029637742
1732,137867.56,118044.35271865831
1733,118879.66,118959.41728944027
1734,121578.375,126131.24533508612
1735,131646.97,131295.90652877116
1736,118549.49,121697.08856099869
1737,297271.38,358069.7053586212
1738,221071.89,227223.1589116946
1739,281025.34,287709.2976498899
1740,213159.31,222024.01428861893
1741,194932.88,203407.82217651172
1742,168354.3,165263.67370497092
1743,167850.3,165184.93140060402
1744,293959.84,324648.25334827503
1745,207991.73,220676.48550002355
1746,205920.66,212656.94869287725
1747,216622.7,207992.5539628153
1748,217802.05,218829.73701265786
1749,156689.28,158852.6518620535
1750,131600.88,128751.03937611457
1751,239239.95,234425.2854139712
1752,121325.766,121422.44040366562
1753,147347.0,140537.38565559467
1754,208131.1,201868.4332056781
1755,171607.69,157456.52070132
1756,130458.72,128372.60807464486
1757,120336.76,122142.25094749212
1758,144193.83,157585.36585630642
1759,165750.23,155979.95993726543
1760,161457.72,160331.86851391385
1761,143472.88,144333.54033129924
1762,183938.2,185937.9542324479
1763,170604.34,165897.84645996633
1764,116281.336,115164.91224333156
1765,186338.9,164241.56163474743
1766,177607.62,184082.5329779444
1767,226635.11,230636.26604071152
1768,146346.38,141642.0341022898
1769,166001.6,159386.2184214394
1770,147108.3,140233.13797288635
1771,127277.76,140482.39006025603
1772,135272.83,139155.0487344488
1773,139104.34,146438.32242401346
1774,124055.85,103482.61409257603
1775,136145.38,136363.1391895654
1776,126408.43,126260.46003235063
1777,120524.14,118771.89622214317
1778,140570.89,131165.5725647521
1779,117991.75,124155.97377760678
1780,169950.11,179985.74172863565
1781,126255.305,123298.26037534897
1782,90524.43,97914.34220350138
1783,136809.06,149677.25308968703
1784,105694.06,105097.19306877551
1785,127080.766,118965.85056675306
1786,142072.67,127739.76480182502
1787,159552.9,157025.3217797321
1788,63387.055,57128.57237603839
1789,100343.734,105268.2133494646
1790,95048.99,96639.33275060938
1791,198536.8,187639.7619495166
1792,158072.77,163312.54761858034
1793,143787.31,132398.75975175106
1794,150788.8,145288.44260039058
1795,141793.73,141884.3557487458
1796,143758.2,136822.78000542006
1797,126007.44,125122.76882114988
1798,125779.086,133175.63007904455
1799,117564.21,116288.08883405448
1800,133853.28,134759.60713026288
1801,124094.92,142284.79018073026
1802,132447.12,140823.5587827329
1803,154978.61,140262.99591689592
1804,145981.8,143851.05129013496
1805,139543.44,132074.14061391936
1806,112839.03,113526.37447544509
1807,141934.8,115733.73113485795
1808,123989.164,118300.8413924827
1809,124349.516,124865.76847246992
1810,159826.66,154869.92583040748
1811,102952.7,101644.58527426707
1812,95495.39,99008.20871700675
1813,124139.734,122081.88905013232
1814,102841.06,103352.4471709272
1815,72263.65,59312.46219945061
1816,107559.586,105110.39553936094
1817,129057.3,119115.12671454113
1818,154256.05,169973.15955554318
1819,124278.45,123326.46215874274
1820,71005.984,62094.48398504969
1821,112013.55,112697.74453848366
1822,158318.44,151697.39711863152
1823,63391.32,53716.15971479497
1824,132078.8,145863.20018419912
1825,147947.58,135679.95878602003
1826,98560.125,102280.98690565012
1827,106746.65,115436.68815165
1828,139185.48,131697.07564131898
1829,116144.16,132596.3615030134
1830,154171.84,157526.957403835
1831,153042.25,144489.1187844554
1832,99898.734,75461.91433204165
1833,147078.31,129163.51438124005
1834,119490.13,134957.63998866134
1835,144881.36,130317.82608349195
1836,132955.0,133308.75408458267
1837,92295.375,91855.30677269268
1838,123025.75,134283.04500434495
1839,93541.31,87512.44397873567
1840,176197.22,178298.6157168239
1841,154914.25,145397.59158650797
1842,86676.695,95751.41091111052
1843,136372.5,141515.39392177082
1844,142891.3,146027.29605400653
1845,152147.42,145656.44857635433
1846,156550.66,150734.34367743283
1847,160475.12,168732.1676376571
1848,56288.36,56944.96236297819
1849,107532.63,103348.37933296713
1850,120142.74,124529.62555392069
1851,156922.17,157847.42954377842
1852,128097.85,126531.99822213485
1853,141341.12,122156.19688932107
1854,166688.34,163799.1062324417
1855,151332.42,153472.87678341748
1856,212780.66,212844.09369999683
1857,160886.55,160205.09498116034
1858,143103.53,147998.77496294858
1859,121638.55,117954.6451778343
1860,159654.61,143771.49128279492
1861,121016.28,124184.24110112227
1862,300389.88,312380.4188818659
1863,287357.0,306763.25879378564
1864,287357.0,306763.25879378564
1865,347461.25,350674.6366466471
1866,334740.7,367556.449835504
1867,238852.28,248600.61560140434
1868,297212.97,298521.1205639473
1869,198145.08,201404.96237057712
1870,246560.0,266762.78747604816
1871,256688.03,252229.06611722446
1872,174507.2,178496.00101304433
1873,227376.81,237748.31937992387
1874,136862.97,144308.86179827747
1875,208673.22,204702.16147099432
1876,194206.03,199029.75274078143
1877,212130.61,212747.53938583465
1878,205053.1,210192.644413873
1879,132232.12,128765.80650296033
1880,138392.98,138509.9561032167
1881,242069.1,214121.5987039794
1882,257395.83,237063.7534819942
1883,193423.98,197154.89024643635
1884,206194.4,212172.11580643637
1885,247200.95,251515.84350866897
1886,311113.2,301506.4640632913
1887,201422.16,203398.5701228975
1888,296402.16,297768.7334985443
1889,167457.55,165066.35127857642
1890,123919.65,142687.2620620874
1891,142265.31,147166.5201367087
1892,101551.93,108828.77850327859
1893,124357.836,124306.15308052751
1894,121079.67,109923.93649673813
1895,136486.78,130709.76222560128
1896,123673.16,133478.3116381376
1897,116337.8,120656.5867193608
1898,113463.625,113408.87846553752
1899,157248.92,156628.3043181846
1900,142732.42,141798.05326539354
1901,173902.67,183801.38428112867
1902,140693.66,146706.86154882313
1903,202968.36,215052.23593600225
1904,141859.77,150275.8988737886
1905,188107.17,191439.7993284922
1906,164204.39,145947.46193228697
1907,202886.23,175053.43259280018
1908,117254.445,118590.38968902487
1909,133391.19,135089.88655591806
1910,124085.086,126160.59710240034
1911,194419.61,194539.8671804902
1912,277702.9,241761.7799387843
1913,147249.39,143190.41388304165
1914,81944.11,72627.61930101644
1915,345218.62,367602.6535799237
1916,79997.836,83780.83101200336
1917,260591.69,225108.72987613737
1918,136632.53,139318.49696109397
1919,167565.72,148765.20297595384
1920,159950.5,147525.48043106677
1921,399964.22,448396.71482185664
1922,326321.84,341319.5754461277
1923,216331.77,227262.02171345204
1924,205120.33,210394.12719054116
1925,213129.25,214314.88891398377
1926,384022.03,375368.76554049196
1927,132769.22,136597.61803271595
1928,152484.4,147028.4667721836
1929,130005.76,133745.60340287752
1930,139491.56,143402.74172913758
1931,145763.5,150391.65999188827
1932,142753.34,147416.63832070786
1933,190334.67,172826.2489370977
1934,178888.14,184862.95262006557
1935,173047.95,174097.70298157362
1936,193479.58,193881.47237843968
1937,178783.97,184490.87665309108
1938,169726.73,182067.47772569687
1939,252681.7,227767.01687129994
1940,201987.89,195913.00612338784
1941,174689.83,173989.38093875532
1942,184144.39,185120.72275082025
1943,221336.38,208192.00244792976
1944,331932.8,342299.6766396712
1945,379858.28,411381.4959139354
1946,158297.0,149728.65050789592
1947,326984.0,333346.8947436732
1948,160670.17,170824.7458984768
1949,244353.53,250962.6576297644
1950,179376.52,178803.4895852122
1951,252655.6,270135.43555828073
1952,214926.52,185603.707438934
1953,171737.69,166301.94177895598
1954,189906.69,181837.89544816312
1955,124499.7,129485.7214474142
1956,282289.22,307424.9594272544
1957,159147.5,159093.0543616029
1958,303339.16,273884.97256790305
1959,133599.44,131855.32191583427
1960,107217.88,106275.10951620033
1961,122082.09,124813.39929383005
1962,98554.31,92501.68272920322
1963,104047.71,103685.37737108003
1964,109009.1,107227.83509167781
1965,147060.23,150185.22922507706
1966,144150.48,144607.27556599412
1967,309354.47,283361.9740397512
1968,406019.12,402508.83773533866
1969,387526.44,407408.38104590756
1970,426341.97,470766.866383638
1971,459945.03,462961.6743318189
1972,330065.0,325868.2426844119
1973,272552.22,292381.24722778756
1974,331987.03,285556.7821210067
1975,444226.75,454258.6252595029
1976,280228.03,246929.18394414763
1977,341206.25,346994.17438868416
1978,365176.78,334376.3219190051
1979,324914.4,310540.160801679
1980,189401.84,182480.22418007723
1981,333317.4,322680.3070425083
1982,229895.12,222739.54007260583
1983,199285.66,205257.86150548919
1984,161900.6,164559.08916984257
1985,213946.42,193794.2640643317
1986,208255.7,180153.70418854442
1987,188942.17,181141.75912268535
1988,177685.08,176602.34522397793
1989,193253.64,187478.93747671274
1990,218882.53,213729.23657502356
1991,219040.56,224439.68106270023
1992,214621.73,207498.78708278036
1993,168320.17,168451.7095659734
1994,241793.48,233363.91739717283
1995,181677.44,174613.8429971056
1996,253620.53,241380.48551120778
1997,331612.1,308424.97092920926
1998,323789.34,386863.4363110162
1999,287999.38,262883.2240410637
2000,288514.06,284242.19273247034
2001,269475.5,258112.4716975649
2002,235034.1,222377.71933450448
2003,240288.7,257377.0534421572
2004,275817.62,251318.49250944625
2005,225423.67,214770.02236252138
2006,232041.45,247807.7919685148
2007,255540.55,230720.97058824802
2008,214704.2,224294.19457551758
2009,192356.08,199438.56389148123
2010,184425.78,187873.0305895465
2011,136112.52,137590.43918109746
2012,183923.94,181961.683521817
2013,184815.52,192143.06855955353
2014,179500.5,181094.99949186915
2015,191105.7,197588.55964721504
2016,191141.44,197716.83651660162
2017,200603.88,200269.2670672834
2018,120814.89,123846.2160100402
2019,134303.7,136095.8546723356
2020,111542.03,102820.71930058715
2021,112191.625,115976.587032255
2022,184729.53,173717.65726010504
2023,150158.16,148470.1178506014
2024,252857.03,256458.28343557156
2025,370595.7,399686.9591180149
2026,176886.55,176477.46803977888
2027,158439.55,152462.3938054022
2028,171397.2,161579.83603508727
2029,179693.38,175926.51330154375
2030,281431.22,285348.36148597393
2031,238496.36,253244.73200313005
2032,250278.88,284037.0915224309
2033,256200.38,270586.9001111355
2034,164512.78,157454.28310457672
2035,210760.48,203179.9757594644
2036,195847.89,180886.83225248012
2037,217138.7,199368.2878736749
2038,278284.88,308001.5287929427
2039,219034.14,219123.25215059455
2040,311673.5,383404.88957507024
2041,257278.44,285938.3329751654
2042,205473.61,197942.70094350103
2043,164509.81,175517.23192098338
2044,170112.88,178893.66889743862
2045,215796.12,212530.8092116045
2046,132445.88,132488.32929028384
2047,143171.22,143991.21155851695
2048,140452.48,141394.44543656643
2049,125100.57,128102.26358016104
2050,178306.55,183883.25631141977
2051,112969.37,115523.81669922495
2052,133763.45,132743.0731302341
2053,141357.66,143319.34866700874
2054,92274.47,94851.6431148896
2055,158934.97,150011.6357315152
2056,141566.69,138903.6967221293
2057,118390.805,120464.19313189869
2058,222829.88,218155.2033466986
2059,135053.11,139784.57263404044
2060,166542.14,173538.08040163026
2061,168054.42,162073.69461422993
2062,133403.08,135916.0329237114
2063,112656.48,112777.54136297153
2064,144633.38,140276.31949577096
2065,125083.24,117349.32466370294
2066,183656.39,180449.42769256714
2067,126054.734,122181.96052766535
2068,126180.77,106748.3238562606
2069,90665.67,89729.49570317658
2070,109739.2,113408.23286078914
2071,100123.81,98460.0684765543
2072,127182.69,137163.651098622
2073,142439.61,139528.71984266012
2074,170883.73,167208.6253157675
2075,153487.8,149335.38442333436
2076,121794.21,127105.31705369806
2077,150426.67,163762.0120382968
2078,128869.24,136169.41984202093
2079,130621.06,133787.24793089027
2080,117294.15,119727.09456246813
2081,122391.58,124839.55446994593
2082,117865.16,107981.43700757403
2083,143182.62,138615.56134607148
2084,111398.35,112761.83139102886
2085,123000.25,118435.7636880242
2086,131544.77,137388.08370799804
2087,118501.09,123430.2954714602
2088,103330.86,89506.26319519013
2089,85712.28,87561.2031556541
2090,122734.03,139011.0827663007
2091,117829.64,123908.12418721445
2092,133203.42,128014.94448531531
2093,131236.98,123054.75104060731
2094,115854.54,108863.30491391785
2095,152008.2,153814.57924969238
2096,95974.74,78906.96869305057
2097,96830.8,103653.1424011188
2098,154559.69,150848.0136333414
2099,72159.42,67929.30881277271
2100,90926.38,98562.17511770618
2101,131076.16,129062.63845502265
2102,123777.21,126723.55225268191
2103,107168.63,106385.21166405517
2104,122730.5,135873.06606779865
2105,136475.33,123189.73252705538
2106,81308.28,77821.367065985
2107,220029.34,240042.60380702166
2108,115119.32,121464.66055741352
2109,113365.75,115198.45598702706
2110,132743.27,128047.4861328836
2111,141766.55,148617.2223242981
2112,142850.16,135952.63561983375
2113,124546.02,122576.5817893408
2114,107887.43,107910.88204169014
2115,157916.52,153919.5367587954
2116,126930.055,129497.07449434567
2117,154484.92,152134.53761171532
2118,123258.8,113999.11063670383
2119,107755.45,117930.48029109962
2120,112887.12,115339.64023579299
2121,118253.38,119508.41422626567
2122,113526.31,109803.71287050926
2123,97026.18,82930.59496195037
2124,163892.83,148531.28013644807
2125,127716.375,124784.67685607751
2126,153764.95,151033.32545357113
2127,163576.4,151834.07843588904
2128,133877.25,140656.78067836052
2129,106886.83,111461.16825652862
2130,148937.33,156973.31966108485
2131,153007.9,132508.7447623833
2132,115603.54,114798.14494235371
2133,124252.58,124400.8737201776
2134,122575.34,122359.68887856894
2135,105689.48,109793.65647868066
2136,79242.62,72781.08382110228
2137,114219.51,109477.64538029947
2138,141049.38,136859.35506191725
2139,153940.61,157005.2941822368
2140,134762.28,138355.92897333295
2141,152103.1,157778.32972510305
2142,130126.586,131151.7529208406
2143,141352.22,147878.72011979733
2144,122340.016,130429.69756772551
2145,129004.12,127922.32551004656
2146,169322.1,169137.19161970468
2147,139714.8,140472.60105134457
2148,135973.95,131452.78965039382
2149,146010.19,151368.70416342485
2150,221211.84,224266.36474290423
2151,121743.4,113251.88220409029
2152,190808.73,188502.89004397485
2153,163862.67,153159.00728167163
2154,107772.81,107311.7814700902
2155,138681.94,147861.23174021038
2156,274244.75,269036.55430155346
2157,232195.73,230194.31837671908
2158,243284.44,238709.69693683137
2159,207655.55,202777.6167109141
2160,177142.73,172478.05549538278
2161,238575.16,249468.86032681252
2162,382994.62,439435.54435128625
2163,337760.97,336309.1899154366
2164,248969.22,240227.0797705802
2165,188979.38,164098.42059274577
2166,149693.92,153018.56566251235
2167,213420.28,214140.20051569864
2168,202611.31,198125.6910183518
2169,197686.33,204412.63995818575
2170,215558.66,218615.0507733647
2171,153364.69,151460.35852910666
2172,141432.8,144812.33343363958
2173,172466.19,164861.32540307764
2174,238614.84,231191.02522210713
2175,293499.12,276623.5164541726
2176,341644.2,331974.4034247866
2177,258544.56,245213.22643391343
2178,210255.05,205827.31879204782
2179,144234.08,139772.19278575474
2180,226026.81,213979.10977144702
2181,187862.05,191082.2514452664
2182,230969.31,228757.84767164884
2183,198184.5,202031.42122040305
2184,134566.55,132671.07498179673
2185,128957.6,135604.1152176402
2186,146645.22,143490.84056418322
2187,156688.19,161508.4941349066
2188,156999.77,158707.3892481382
2189,220469.53,205121.92026065642
2190,81854.89,79146.2689653638
2191,85824.36,77197.21180835587
2192,88669.78,90526.16328859811
2193,116144.68,114137.9254923976
2194,104155.97,107819.39190002663
2195,102451.26,107005.39615413292
2196,108518.23,127719.50690614537
2197,116857.516,110585.22153263696
2198,154289.97,152980.94527200068
2199,167416.06,175918.02705551864
2200,143510.7,140591.941282556
2201,144429.9,149831.60395305423
2202,203897.72,191328.0148040355
2203,161414.08,163969.42251247924
2204,174624.58,180068.5663183918
2205,123506.93,119763.95214420847
2206,146114.27,138246.0072326195
2207,209022.06,206523.36132366912
2208,231294.31,203969.14084775076
2209,218435.81,224012.75022510753
2210,122930.766,123177.14976029722
2211,113433.445,111785.97039799768
2212,115016.055,113501.68854045481
2213,102140.05,115363.37566637556
2214,143862.73,133509.7259768187
2215,114208.07,113387.99951727978
2216,149435.75,145357.93052362293
2217,87888.46,88258.76411229663
2218,91444.55,79215.1359053556
2219,81603.81,75356.22063844005
2220,91043.945,101398.48800409985
2221,343510.4,365686.70040264307
2222,268595.3,254617.58408624423
2223,301614.78,294686.30892555806
2224,221061.66,215859.31532123574
2225,131182.11,131411.1538573336
2226,212363.14,207124.91582504203
2227,202982.39,202784.372040451
2228,306914.3,282046.94517749886
2229,247585.55,248402.08195553548
2230,167972.84,165860.04688636563
2231,216923.06,227014.99312534026
2232,179980.78,176060.38146442143
2233,185336.58,166186.36414295438
2234,253079.16,232339.2287260277
2235,230309.03,229919.18035255733
2236,270847.6,273707.07176317123
2237,334393.62,281643.4200333731
2238,202686.5,198992.47723418052
2239,106471.74,117522.3313834502
2240,161528.33,164255.96141298005
2241,164732.73,158522.39548281135
2242,131991.89,131420.8677595024
2243,128364.19,126531.73353717008
2244,96226.484,95926.72604176828
2245,98533.9,98915.47876705267
2246,139277.86,142697.52977249218
2247,107043.44,95256.1640198945
2248,123575.055,125203.25240431607
2249,126304.38,122601.92936369417
2250,134555.06,134617.1519161881
2251,114027.62,129463.08925893198
2252,187142.66,176419.72592816918
2253,170745.69,153200.38225243398
2254,182996.81,170573.99640174344
2255,197117.34,190503.1008387761
2256,184054.83,182965.09708244054
2257,207118.27,222789.08983215052
2258,166845.33,164736.6785027493
2259,180996.61,178199.7254387161
2260,164430.5,147819.73292783246
2261,194375.8,182285.79230033932
2262,231520.45,212213.8397425543
2263,361440.94,372348.5288071435
2264,404007.84,409099.62611790054
2265,174366.28,166247.8774683618
2266,294123.88,299938.83622139704
2267,353262.0,348199.4467231452
2268,395156.38,391663.5139558672
2269,147556.27,136804.02691579287
2270,186967.62,179411.52359493566
2271,235665.16,205579.38264567076
2272,199906.8,188377.8378202837
2273,163136.75,161692.6297824937
2274,175935.05,174496.11662872526
2275,174264.05,143856.96280358353
2276,182028.8,182749.01278473064
2277,196929.16,182534.65142526792
2278,142482.16,149242.5705142658
2279,127862.78,129299.2273164329
2280,104846.39,103724.86097648615
2281,184680.94,177480.45353275948
2282,192860.19,188190.72498155135
2283,102656.73,92717.09061361702
2284,112698.85,116388.76997668302
2285,146911.45,143837.55817066965
2286,127460.14,128335.81542181302
2287,345675.2,313210.702926115
2288,271471.2,259705.5592364387
2289,331085.0,407874.8110020354
2290,425317.0,423396.14386617456
2291,342170.97,334262.49522469006
2292,415452.44,441624.39154073055
2293,434668.22,466625.4077007364
2294,420786.1,417316.1725572681
2295,441124.56,408126.17023098073
2296,249736.73,228843.90157310237
2297,338565.38,312133.9917135811
2298,296140.38,314594.9437524678
2299,394707.53,383458.89756565914
2300,320414.4,308620.8429872873
2301,293552.22,286499.5678921416
2302,239438.86,212955.4440712888
2303,231258.05,227756.4198253386
2304,232367.47,218497.89303876078
2305,173956.12,176625.11644192235
2306,176586.97,182764.18783769422
2307,192953.56,190310.72822614436
2308,208730.19,209392.55133163184
2309,277704.84,279936.6289572552
2310,204720.8,209554.34722313567
2311,185964.31,180342.58831342455
2312,170191.8,192295.7705181432
2313,172507.47,169577.76019999894
2314,177677.56,168531.75868661187
2315,177322.38,179939.62307265753
2316,200036.12,185059.89342863832
2317,182279.53,177518.49845302623
2318,178502.97,188412.9206272908
2319,182876.8,179783.30430190207
2320,186257.88,181139.91888911944
2321,248094.45,228290.46694764553
2322,164005.8,163019.0818268806
2323,186936.34,175214.73653004324
2324,167674.81,166995.70644244438
2325,208071.47,209244.4531205902
2326,169666.78,164316.41467034872
2327,207414.88,200920.82686509535
2328,225917.81,224852.48295525246
2329,184615.23,179775.72277596948
2330,176580.98,175929.51523561522
2331,360112.5,306175.9407281612
2332,391443.94,416204.1937766438
2333,318606.06,281795.5889609434
2334,263459.34,262744.5359029574
2335,290342.47,256230.30012687732
2336,325661.53,299907.23345669324
2337,213894.06,210347.1963451867
2338,283534.25,281955.64492027834
2339,222556.53,217488.08913680658
2340,399188.25,372821.8386125215
2341,204257.22,233172.32710476086
2342,233832.33,227849.2405619176
2343,221929.3,220681.00668447107
2344,232339.23,223013.32008087786
2345,234202.4,225791.0241984181
2346,216875.67,225499.70301643666
2347,206097.06,200749.54433626277
2348,235976.53,240428.6286904115
2349,168782.73,187732.33857701495
2350,298294.88,291236.7179486962
2351,258495.97,244519.23216993143
2352,251263.06,227303.4027464342
2353,257190.38,243583.47758650847
2354,123826.47,136021.59060719237
2355,138189.86,142707.55121196544
2356,152446.61,152055.77358275407
2357,199298.6,201380.10740231277
2358,193718.39,196242.01339822807
2359,126862.65,129249.10929445106
2360,119405.98,121062.90691455867
2361,145837.22,139040.77686699698
2362,264605.3,243347.9602804648
2363,141828.23,149837.55635318003
2364,154903.97,151501.8579747708
2365,236458.14,217465.4445709656
2366,194872.89,196374.69702428335
2367,205678.39,216121.59286085138
2368,207881.47,204561.0120896816
2369,213144.05,215784.47556687228
2370,176237.73,168725.6676981588
2371,168985.28,171909.49763734237
2372,186880.19,183433.6321707009
2373,283701.44,260839.6457369255
2374,288738.16,288193.47176321707
2375,232911.3,238052.8502017177
2376,276479.25,285330.69478972134
2377,340540.12,361182.30890472437
2378,146561.27,142629.18729981684
2379,211976.22,190556.72991421763
2380,146400.19,142038.5206422276
2381,158177.31,164010.80010048853
2382,196757.5,198057.3907362551
2383,205318.64,198792.02081788235
2384,246897.19,245857.98938098046
2385,166655.83,164666.00388939696
2386,138864.86,140909.04335665217
2387,132820.05,132318.74692987933
2388,93203.36,104379.24150431064
2389,129848.18,130022.011889752
2390,148350.58,146546.74553528242
2391,143428.7,137556.2909801422
2392,116577.53,115935.22829848154
2393,166795.42,167872.91787877216
2394,152457.12,153220.15657948283
2395,211912.03,217936.3659239877
2396,145062.16,149417.90079229116
2397,225825.4,242264.54405013003
2398,133322.86,132214.65940671792
2399,61073.043,55946.056283041384
2400,62918.84,64616.32887833978
2401,112807.08,116405.91042463211
2402,135726.55,138658.6266810249
2403,124708.625,124457.04540659515
2404,147600.56,150375.7097605288
2405,169147.97,166578.77076512342
2406,140115.47,140362.5725661757
2407,131850.38,133577.77999245565
2408,143949.61,145179.56488312333
2409,125863.555,129327.13452090467
2410,166071.39,166416.98148796277
2411,119416.85,119068.26138791308
2412,148686.72,156834.14507574713
2413,130426.84,134720.65396658753
2414,140013.19,142934.88314309588
2415,123043.03,117922.5846909263
2416,129171.13,129700.95229706058
2417,131358.56,131437.79378233955
2418,126261.52,126064.88265451822
2419,126977.04,135011.58086119095
2420,120094.336,126519.75156075432
2421,141094.97,140382.29574688504
2422,113299.945,109741.16732159072
2423,124114.85,123886.00548319983
2424,148586.3,148184.33532554464
2425,223660.58,260755.20201956065
2426,125917.91,126465.4340801703
2427,134424.4,141964.3980331857
2428,174910.16,172523.118195061
2429,113801.55,120410.5464337474
2430,133661.11,131891.85495627008
2431,103962.87,109702.49181223944
2432,139446.16,141935.6456530205
2433,153215.06,153705.70638090128
2434,138546.14,145642.66931368905
2435,155843.3,153093.1483311705
2436,113292.24,121892.9649413297
2437,116207.69,119254.55856391606
2438,128394.305,129147.0151234049
2439,117111.2,117008.64137453529
2440,119495.27,123367.48717331474
2441,94257.02,84050.1164248398
2442,99476.336,99871.816792891
2443,127099.15,130967.06073952548
2444,131484.3,134981.52915874263
2445,86814.92,89059.46102792463
2446,142811.0,129334.79697022133
2447,183565.0,190225.7250147988
2448,142915.1,147438.72615655768
2449,106583.88,111910.41353337993
2450,152572.58,152661.84360473673
2451,126718.65,124085.73633329489
2452,203810.92,213267.69501748437
2453,97254.7,99699.406753478
2454,125691.195,128914.26114022823
2455,111344.08,99661.33554071422
2456,137972.36,134222.62999555262
2457,125491.75,124636.13820511108
2458,122748.336,123339.91609560093
2459,112706.22,116780.48487869286
2460,138891.64,136728.58980089336
2461,120978.96,123871.65981134963
2462,135768.55,137843.9209607665
2463,120242.93,123306.53554679433
2464,183467.7,183289.20545925494
2465,137508.56,145834.92469080395
2466,112187.82,113318.35560474411
2467,142427.47,132155.43220511443
2468,85802.6,77579.10792662652
2469,88289.74,75253.38172453316
2470,178245.55,197776.53221069582
2471,194983.64,195788.41929621447
2472,175481.12,164238.9169755314
2473,115618.89,122455.65256269691
2474,94840.3,98775.04475401847
2475,214083.06,208353.37252889568
2476,121357.875,116778.13368825847
2477,130146.016,139485.63535258416
2478,154237.55,152655.81491856952
2479,108607.23,108938.4922692794
2480,154268.23,156620.3903026626
2481,122347.09,129049.0133362314
2482,134460.62,136263.4075135414
2483,114411.78,114628.37750032841
2484,126062.67,127828.02652229213
2485,124963.54,125060.48889118916
2486,152981.05,148431.62630325442
2487,177478.02,189104.40549013298
2488,152721.03,145760.37242781676
2489,152768.33,149507.3660151115
2490,152827.39,156757.18269419746
2491,94260.04,101475.13063191442
2492,184909.83,195174.75583226045
2493,158464.81,130802.19820166436
2494,157876.27,152114.60466966813
2495,89546.18,76661.09175233074
2496,228040.19,247414.45461887014
2497,143879.39,143937.57024681498
2498,110153.58,112977.7046424565
2499,96394.805,94826.6875948864
2500,132661.62,128961.48102094687
2501,134433.94,130961.88552859439
2502,136722.89,142408.97289073162
2503,100854.375,94900.20520192363
2504,178844.55,179805.79379614527
2505,218972.4,217537.9722724999
2506,252856.12,244495.13666606235
2507,283320.72,288677.8987347232
2508,246006.47,247391.32452085163
2509,222748.61,209836.9399481047
2510,220310.77,218507.6149941985
2511,181403.23,173415.72144101028
2512,209019.53,210917.35078672305
2513,215637.39,212758.91276464553
2514,245145.75,251300.39361326207
2515,155342.52,149114.1020638955
2516,167313.44,170895.34551865078
2517,140824.6,141698.53867723185
2518,145136.14,148253.33386576196
2519,231157.89,230573.05701090622
2520,213581.25,203892.67836771935
2521,190689.83,185781.79357148957
2522,225459.11,220597.76961658229
2523,120472.95,113859.89171125538
2524,143544.2,145099.4422227624
2525,150174.27,150595.38511716665
2526,142141.92,135663.68798312248
2527,115444.14,113567.30645221345
2528,125246.5,132245.28508375995
2529,134967.12,132967.7165939702
2530,125776.87,121056.90524937988
2531,253262.67,262508.18687823747
2532,222756.48,227603.39737548024
2533,196296.9,192102.7627468621
2534,229740.97,207196.28921160733
2535,305408.3,271147.15350380825
2536,223588.78,239651.01764382303
2537,229689.6,239390.08005363354
2538,188919.22,193631.5712485742
2539,186644.33,181158.890645237
2540,181852.23,181374.2817901121
2541,181617.97,186029.51714398043
2542,162334.44,165103.56074510922
2543,128604.14,130178.71949487242
2544,126464.11,130053.68495967874
2545,137810.9,130999.33466259153
2546,132563.86,127918.7778739754
2547,145571.77,143379.89983438107
2548,150963.22,152790.77292509284
2549,157927.88,149717.62566339146
2550,220869.84,225995.02031427633
2551,144202.5,146482.23660655107
2552,124024.6,129598.9405509506
2553,83345.25,70929.94974447315
2554,97696.21,107987.78593380902
2555,125310.11,126990.23105609286
2556,104852.76,106632.01525356328
2557,112087.41,117735.3425569783
2558,152033.31,136097.0105886126
2559,134031.12,130874.65150834157
2560,145240.88,141797.63951598835
2561,139975.75,125630.19604271889
2562,129770.49,135573.2926165244
2563,153749.77,157929.84974481404
2564,187851.31,177829.42647751493
2565,144639.88,138961.00032136272
2566,159682.22,149395.66898742344
2567,126996.85,130617.46902420155
2568,202910.31,206185.64249946072
2569,204499.42,205614.67179466973
2570,120267.51,120014.03619040384
2571,171506.48,169801.09430727526
2572,162396.62,158823.72108784225
2573,214204.52,182290.34514213895
2574,278295.3,296689.8755228647
2575,131844.0,131261.4755481803
2576,120066.38,120755.84739500248
2577,159763.83,156416.18556864996
2578,86246.24,89478.27736459141
2579,77831.07,78163.59341587416
2580,118932.9,127739.8977043549
2581,133784.05,124225.4076057054
2582,125516.17,120234.22851030667
2583,275428.38,265444.746355551
2584,170786.5,138144.97280284337
2585,186409.84,180126.55391248697
2586,201922.17,210946.54220964422
2587,200655.97,201905.8989619417
2588,141994.61,147016.66719651112
2589,151131.23,151411.867070004
2590,218265.11,214721.67626397213
2591,227035.78,215240.1676175031
2592,216574.83,226368.09939829222
2593,254992.69,270722.58209311747
2594,167412.73,163488.47081513124
2595,195151.83,210215.13936674912
2596,319078.1,306254.7151376297
2597,183130.34,191354.64640072786
2598,273062.7,296132.0072665568
2599,322646.06,305889.39625791024
2600,200995.2,125121.01779118691
2601,145590.05,153025.07860308542
2602,79156.03,81985.43705996712
2603,94503.34,87816.80312392779
2604,86563.47,84605.91456133961
2605,76175.4,81540.76260630229
2606,150859.03,156177.5697336329
2607,185335.83,183649.61281298444
2608,208867.67,203804.25591383694
2609,172500.69,171683.74792312528
2610,114029.16,118975.25547755176
2611,137232.31,121599.09305218181
2612,152605.42,149003.8819132897
2613,134560.55,132037.53730376146
2614,128228.31,133314.06966106678
2615,155719.39,158027.1764534301
2616,148044.08,146957.24340450572
2617,180847.25,190624.9046963755
2618,208467.44,195970.9744940619
2619,190544.55,179633.00582989244
2620,188067.75,189302.30786615892
2621,184249.4,186323.68029315266
2622,191134.95,184629.22926750637
2623,247440.17,231830.68776865516
2624,300744.44,270614.5154687089
2625,276339.25,301731.94725894893
2626,176597.16,177057.78327725647
2627,164773.25,172724.6436288441
2628,420553.06,463421.7185118445
2629,521589.16,442414.68997866503
2630,369257.1,363403.788285509
2631,461571.66,389219.1310045313
2632,406601.2,469860.80423493625
2633,315436.38,313257.2593089076
2634,381203.6,390099.461977347
2635,156320.66,156951.3812966442
2636,189557.0,180702.7191749386
2637,183146.05,187348.7908951696
2638,241690.31,250571.3792439566
2639,182519.86,188208.4483645176
2640,161922.8,158844.37410165448
2641,107786.09,111717.0700610248
2642,196801.86,204677.16032860603
2643,105440.33,98376.00998108392
2644,128387.64,127446.28242782426
2645,99962.195,99013.42205777385
2646,94647.95,86105.5435427549
2647,101567.59,91803.98038631112
2648,148233.98,146940.92995462564
2649,146366.5,146673.05254846485
2650,142401.34,138780.31129440316
2651,148428.25,150197.32479382612
2652,446015.38,422145.68064109306
2653,237259.83,226785.000248862
2654,254196.94,222141.27402979543
2655,372165.12,382056.0533347952
2656,324394.12,357921.2054261553
2657,315666.34,339124.84937538113
2658,295227.3,288479.4022014876
2659,311482.5,330673.35644014465
2660,370325.8,342021.9869861207
2661,322768.3,312414.10219734034
2662,328477.22,373322.33932347334
2663,274042.2,252184.7544270786
2664,273295.4,279438.62611570896
2665,322467.7,288562.858113858
2666,282452.78,286934.8788901754
2667,157914.1,159055.41826561114
2668,169862.67,176293.24565974728
2669,175132.77,176560.30311885994
2670,275606.9,263284.58818187314
2671,176802.48,188133.07331700966
2672,181555.12,183260.7023866833
2673,210632.53,215430.72993370073
2674,209211.86,205815.26349647975
2675,170782.25,166683.21809838258
2676,186302.61,187705.7233439603
2677,197616.7,201580.67296107038
2678,260565.66,260101.45324494765
2679,283732.53,257945.18831192446
2680,288914.47,280280.1760025396
2681,436628.53,414905.31461011164
2682,307336.47,335746.9069118169
2683,545401.1,493086.91614408366
2684,308232.06,293675.8748890436
2685,333099.25,348161.6231563573
2686,247367.83,242420.45244862532
2687,295093.66,311442.03015596827
2688,211318.62,219809.58958478947
2689,203544.88,207984.60173965865
2690,371046.62,403424.027116241
2691,189304.31,190507.32682031952
2692,127387.92,130794.6877497484
2693,181422.55,192142.94220195815
2694,117082.32,127809.0089701298
2695,185782.7,183535.8730656269
2696,182231.2,183276.90745123583
2697,187377.39,201157.217226295
2698,189108.64,209818.9944836808
2699,171529.7,164637.0221531878
2700,168792.69,164926.84828536338
2701,147612.98,156769.69095726375
2702,114647.805,123303.93164065671
2703,134648.95,134612.91521691432
2704,143339.84,143908.83161653372
2705,124104.07,123133.77141463122
2706,119216.23,126682.68077728132
2707,127342.37,126331.11428406001
2708,132534.14,138669.61261815662
2709,112692.1,104752.91464682933
2710,126792.44,124518.43848648161
2711,296349.16,276440.2783243067
2712,375546.66,387929.50621047086
2713,170036.2,169451.66109899106
2714,146345.84,149444.53178232617
2715,167712.7,167374.1333811421
2716,148640.19,146082.97256614707
2717,184607.12,160177.06199525992
2718,215360.25,193617.46575313635
2719,157295.27,153523.68846843042
2720,170951.8,169380.0824396346
2721,138354.81,144327.54529402108
2722,158725.61,157690.05285391555
2723,148559.52,151303.88198850348
2724,128050.53,133260.05632468418
2725,134589.12,128457.19780745431
2726,145041.23,147276.20596823108
2727,172375.83,172856.50078362547
2728,167393.53,169382.4162860195
2729,160850.02,153694.68371202773
2730,142070.62,139197.3996137139
2731,126967.23,126590.99008649142
2732,123231.41,130458.90899741043
2733,156688.97,155157.09337100098
2734,131061.805,132020.31084260845
2735,134860.28,132374.1604299828
2736,154683.92,147194.2937132714
2737,121501.555,119442.44094492584
2738,127212.625,128193.88269916274
2739,159940.92,162230.7322999259
2740,142020.86,147222.35948663222
2741,148521.27,153367.27485039562
2742,150804.38,156086.20325703788
2743,149115.08,141312.85076609152
2744,155623.02,160254.69463444749
2745,135339.02,138684.29166243822
2746,132880.98,134918.36354612408
2747,158691.97,142097.59684459795
2748,122931.74,126508.03286996188
2749,129636.36,132826.45634822917
2750,134516.42,135683.89137572914
2751,137088.7,128790.33138694146
2752,211737.11,262112.34374727638
2753,146277.08,133615.11821042394
2754,231261.25,234894.12405330213
2755,129113.234,130833.08837305497
2756,102242.836,99924.36447785742
2757,78005.67,73629.5012462792
2758,88577.93,85031.18416193848
2759,161016.25,162492.41244234893
2760,138251.55,133696.37069407024
2761,146436.12,146028.90962494814
2762,144478.9,157387.57021753286
2763,188286.6,190781.55838857422
2764,163870.61,155539.19177096375
2765,262175.72,293670.8135297304
2766,137546.69,130211.51585919781
2767,97646.17,90383.15857340538
2768,125624.375,118709.93281647595
2769,135639.92,136962.5502486592
2770,142267.64,138107.57914088052
2771,114872.414,117777.09218281713
2772,118063.47,115550.83300236908
2773,169774.6,158354.61390433178
2774,137935.39,136737.40839638424
2775,119979.76,113361.10988230494
2776,130799.15,141177.79688109044
2777,142425.42,154910.51320603644
2778,107067.7,105377.60657719856
2779,141319.39,129552.50887540386
2780,101406.35,103257.0660642732
2781,102363.77,98739.3694548659
2782,99564.44,97482.73177171565
2783,110664.45,107735.54506120355
2784,128337.74,130292.93153322532
2785,146839.28,141676.67619842687
2786,76763.42,74435.3986407943
2787,116698.17,125488.99955627703
2788,81738.2,80190.96119124543
2789,186210.56,177794.83820678855
2790,95615.7,87313.01712280523
2791,112732.7,121712.34739027036
2792,66107.68,69461.31502159293
2793,169671.25,174477.57356082217
2794,100553.28,104051.56806150002
2795,117387.32,119475.16606365766
2796,103152.695,107508.55970987865
2797,198287.1,196030.77747340684
2798,116874.07,120135.86688593803
2799,121437.34,121234.9808736582
2800,74291.74,78203.36490137887
2801,115695.55,114239.59151473003
2802,130111.73,129246.65459713324
2803,151339.58,156409.94543953624
2804,141413.12,148378.31076491188
2805,103892.53,98117.18428848402
2806,86273.086,81907.82906962054
2807,158585.81,148815.64689791415
2808,152051.12,154759.54712327608
2809,132858.48,134822.84618371545
2810,133468.62,130037.97846771243
2811,151994.72,150526.52164868457
2812,151556.05,153881.79485260064
2813,148248.72,135200.79455302365
2814,148937.4,143880.6657756938
2815,102220.09,96814.80021873717
2816,238977.12,245976.7357774409
2817,154186.95,147471.98156097633
2818,134351.23,134474.91880440945
2819,179425.58,168724.92592875243
2820,137097.69,135012.89610552022
2821,108424.81,114637.15788828762
2822,198615.92,209613.85456470316
2823,272736.12,273664.913029712
2824,180801.66,172938.61131500202
2825,163082.1,157521.01333467837
2826,126041.02,130230.32023479344
2827,137227.23,134529.3615134586
2828,227962.28,184843.9849246907
2829,191174.67,181976.57187097552
2830,226350.34,204106.99018560973
2831,181833.55,185117.0272443572
2832,239327.06,224277.93134178838
2833,301942.4,281740.5691811425
2834,210940.53,213263.3676981868
2835,218431.2,220915.25296784
2836,186872.58,190195.07300290748
2837,153044.1,144703.19052283495
2838,140268.12,142527.33782637308
2839,182034.81,182731.93071585568
2840,198334.83,193281.58565890556
2841,204048.02,204579.6377558043
2842,223581.47,225971.20686684753
2843,157295.08,160241.5015451924
2844,160398.06,159958.41107224536
2845,116672.836,118239.41415226496
2846,211441.42,214912.70538322954
2847,203311.83,203986.75980505112
2848,223063.77,219697.58159321087
2849,202080.89,201528.46420749518
2850,308518.25,265542.74284147064
2851,234914.77,228356.53960213083
2852,231433.61,218314.96150126244
2853,231743.89,236584.1699722285
2854,140870.42,137741.86456726748
2855,205447.89,203784.3326844698
2856,200672.56,197965.10015333307
2857,184612.52,192144.96799037204
2858,193716.19,198152.92415566847
2859,126968.37,132200.89871568355
2860,129579.766,122299.1450180559
2861,127200.25,128530.44132656482
2862,189754.72,179808.31103766075
2863,122404.59,125610.21017773225
2864,250152.06,239320.00546598097
2865,138431.36,138010.1900384013
2866,132231.23,131012.5954761711
2867,95016.836,94658.60101527841
2868,116972.87,105958.544638688
2869,106523.125,110821.09755961725
2870,131112.39,128450.501359866
2871,79048.59,93478.69724716069
2872,64038.805,59580.6811835352
2873,102884.64,97857.48767631712
2874,132649.7,144325.99867420678
2875,115983.65,116401.01312497589
2876,155154.11,155326.53012847516
2877,147385.08,152682.1784851504
2878,163921.05,161240.61344935617
2879,135622.27,125703.83078840148
2880,95319.12,96895.0242663043
2881,157773.5,158678.78328746368
2882,172188.67,165618.0446018385
2883,192183.38,182358.834207057
2884,196984.64,189666.29277014063
2885,186777.5,198825.5597004958
2886,211041.52,214644.73456601758
2887,101851.85,97218.71763188313
2888,126272.5,135144.1815380476
2889,61388.43,54348.13297874616
2890,91116.555,92565.69997095653
2891,139906.55,136932.73988640084
2892,64024.137,67461.16680608172
2893,92883.04,104599.70403262391
2894,62578.31,65220.61853412226
2895,312580.22,301253.59855114284
2896,287140.22,285876.7395444882
2897,212751.17,222888.75928162888
2898,152458.31,149376.59451208042
2899,211757.17,201181.18875848677
2900,157931.47,149475.305383488
2901,211556.03,229557.14335071243
2902,189406.4,198728.69687707754
2903,332870.1,338952.3867245067
2904,323459.2,331095.9473087421
2905,103146.055,95926.93168918489
2906,194237.1,201924.67126922455
2907,115360.125,112981.60260227945
2908,131488.83,132464.15927376717
2909,159940.78,143282.57700761003
2910,78865.695,78855.4673590375
2911,76289.734,78595.17393296507
2912,144468.69,155233.58783161963
2913,88182.1,90058.04775768664
2914,73292.62,73299.93977192046
2915,79046.07,81460.47926459752
2916,82537.43,85090.72175525535
2917,158882.66,154143.87190749106
2918,116161.65,123226.0836029777
2919,216301.4,225722.56735339982
